1	howard the duck	willard huyck	comedy/sci-fi/action	1h 51m	15%	1986	n/a	TRUE	A sarcastic humanoid duck is pulled from his homeworld to Earth where he must stop a hellish alien invasion with the help of a nerdy scientist and a cute struggling female rock singer who fancies him.
2	superman iv: the quest for peace	sidney j. furie	fantasy/sci-fi/superhero	1h 33m	11%	1987	n/a	TRUE	The Man of Steel crusades for nuclear disarmament and meets Lex Luthor's latest creation, Nuclear Man.
3	hobgoblins	rick sloane	thriller/indie	1h 32m	11%	1988	n/a	TRUE	A young security guard must track down diminutive aliens who kill people even as they make their fantasies come true.
4	mac and me	stewart raffill	sci-fi/fantasy	1h 39m	38%	1988	n/a	TRUE	A young extraterrestrial, separated from his family and stranded on Earth, finds friendship with a handicapped youth.
5	troll 	john carl buechler	fantasy/horror	1h 26m	25%	1986	n/a	TRUE	A wicked troll king in search of a mystical ring that will transform him to human form invades a San Francisco apartment complex where a powerful witch lives.
6	troll 2	claudio fragasso	fantasy/mystery	1h 35m	6%	1990	n/a	TRUE	A family vacationing in a small town discovers the entire town is inhabited by goblins in disguise as humans, who plan to eat them.
7	north	rob reiner	adaptation/fantasy	1h 27m	14%	1994	n/a	TRUE	Sick of the neglect he receives from his mom and dad, a young boy leaves home and travels the world in search of new parents.
8	battlefield earth 	roger christian	sci-fi/action	1h 59m	3%	2000	n/a	TRUE	It's the year 3000 A.D.; the Earth is lost to the alien race of Psychlos. Humanity is enslaved by these gold-thirsty tyrants, whom are unaware that their 'man-animals' are about to ignite the rebellion of a lifetime.
9	the room	tommy wiseau	drama/romance	1h 39m	26%	2003	n/a	TRUE	Johnny is a successful bank executive who lives quietly in a San Francisco townhouse with his future wife, Lisa. One day, putting aside any scruple, she seduces Johnny's best friend, Mark. From there, nothing will be the same again.
10	birdemic: shock and terror	james nguyen	drama/mystery	1h 45m	19%	2010	n/a	TRUE	A horde of mutated birds descends upon the quiet town of Half Moon Bay, California. With the death toll rising, Two citizens manage to fight back, but will they survive Birdemic?
11	plan 9 from outer space	ed woods	drama/sci-fi 	1h 20m	67%	1959	n/a	TRUE	Evil aliens attack Earth and set their terrible "Plan 9" into action. As the aliens resurrect the dead of the Earth, the lives of the living are in danger.
12	the roller blade seven	donald g. jackson	indie/action	1h 30m	19%	1991	n/a	TRUE	In a futuristic society, a sword-wielding roller skater fights evil ninjas, punk roller skaters and is sent on an important rescue mission
13	ghoulies iii: ghoulies go to college	john carl buechler	horror/comedy	1h 34m	20%	1991	n/a	TRUE	A college teacher brings the little creatures back to his campus, where they proceed to terrorize the faculty and students.
14	the toxic avenger	lloyd kaufman, michael herz	fantasy/sci-fi	1h 50m	70%	1984	n/a	TRUE	Tromaville has a monstrous new hero. The Toxic Avenger is born when meek mop boy Melvin falls into a vat of toxic waste. Now evildoers will have a lot to lose.
15	super mario bros.	rocky morton, annabel jankel	 fantasy/sci-fi	1h 44m	21%	1993	n/a	TRUE	Two Brooklyn plumbers, Mario and Luigi, must travel to another dimension to rescue a princess from the evil dictator King Koopa and stop him from taking over the world.
16	silent night, deadly night part 2	lee harry	slasher/thriller/holiday 	1h 28m	30%	1987	n/a	TRUE	The now-adult Ricky talks to a psychiatrist about how he became a murderer after his brother, Billy, died, which leads back to Mother Superior.
17	tammy and the t-rex	stewart raffill	sci-fi/comedy	1h 22m	38%	1994	n/a	TRUE	An evil scientist implants the brain of Michael, a murdered high school student, into a Tyrannosaurus. He escapes, wreaks vengeance on his high school tormentors, and is reunited with his sweetheart Tammy.
18	dragon ball evolution	james wong	fantasy/action	1h 40m	15%	2009	n/a	TRUE	The young warrior Son Goku sets out on a quest, racing against time and the vengeful King Piccolo, to collect a set of seven magical orbs that will grant their wielder unlimited power.
19	star wars holiday special	steve binder, david acomba	sci-fi/comedy	2h 00m	30%	1978	n/a	TRUE	Chewbacca and Han Solo try to get to the Wookiee homeworld of Kashyyyk to celebrate Life Day, but are impeded by an Imperial blockade. Chewie's family passes the time with various forms of entertainment.
20	jack frost	troy miller	fantasy/slasher	1h 30m	7%	1997	n/a	TRUE	After an accident that left murderer Jack Frost dead in genetic material the vengeful killer returns as a murderous snowman to exact his revenge on the man who sent him to be executed
21	santa and the icecream bunny	barry mahon	family/holiday	1h 36m	11%	1972	n/a	TRUE	When Santa's sleigh gets stuck in Florida, he tells a group of kids the story of Thumbelina.
22	to catch a yeti	bob keen	action/comedy/family	1h 35m	14%	1995	n/a	TRUE	While trying to escape hunters, Hank the Yeti finds himself befriending a American family in a big city.
23	coneheads	steve barron	comedy/sci-fi	1h 28m	35%	1993	n/a	TRUE	Aliens with conical crania crash-land on Earth.
24	the garbage pail kids movie	rod amateau	cult/comedy	1h 40m	28%	1987	n/a	TRUE	Dodger must confront the struggles of life as he is visited by the Garbage Pail Kids and intimidated by some older bullies.
25	soultaker	michael rissi	fantasy/teen	1h 34m	29%	1990	n/a	TRUE	Four teenagers are killed in a car accident. Two of the teenagers refuse to go with "The Grim Reaper" and a race between life and death ensues!
26	leonard part 6	paul weiland	action/adventure	1h 25m	9%	1987	n/a	TRUE	Secret Agent Leonard Parker (Bill Cosby) is called out of retirement to save the world from evil genius Medusa Johnson (Gloria Foster).
27	weekend at bernie's	ted kotcheff	farce/adventure	1h 50m	54%	1989	n/a	TRUE	Two losers try to pretend that their murdered employer is really alive, leading the hitman to attempt to track him down to finish him off.
28	police academy	hugh wilson	comedy/crime	1h 37m	54%	1984	n/a	TRUE	A group of good-hearted, but incompetent misfits enter the police academy, but the instructors there are not going to put up with their pranks.
29	road house	rowdy herrington	thriller/action	1h 54m	38%	1989	n/a	TRUE	A tough bouncer is hired to tame a dirty bar.
30	santa claus conquers the martians	nicholas webster	fantasy/sci-fi/holiday	1h 21m	24%	1964	n/a	TRUE	The Martians kidnap Santa Claus because there is nobody on Mars to give their children presents.
31	rawhead rex	george pavlou	thriller/fantasy	1h 29m	29%	1986	n/a	TRUE	Ireland will never be the same after Rawhead Rex, a particularly nasty demon, is released from his underground prison by an unwitting farmer.
32	terrorvision	ted nicolaou	thriller/cult	1h 23m	43%	1986	n/a	TRUE	A family's new satellite TV system starts receiving signals from another planet, and soon it becomes the passageway to an alien world.
33	leprechaun	mark jones	slasher/cult	1h 32m	23%	1993	n/a	TRUE	An evil, sadistic Leprechaun goes on a killing rampage in search of his beloved pot of gold.
34	anaconda	luis llosa	thriller/action	1h 30m	40%	1997	n/a	TRUE	A "National Geographic" film crew is taken hostage by an insane hunter, who forces them along on his quest to capture the world's largest - and deadliest - snake.
35	house ii: the second story	ethan wiley	adventure/horror	1h 28m	9%	1987	n/a	TRUE	The new owner of a sinister house gets involved with reanimated corpses and demons searching for an ancient Aztec skull with magic powers.
36	the howling	joe dante	drama/fantasy	1h 31m	68%	1981	n/a	TRUE	After a bizarre and near deadly encounter with a serial killer, a television newswoman is sent to a remote mountain resort whose residents may not be what they seem.
37	gigli	martin brest	crime/romance	2h 1m	6%	2003	n/a	TRUE	Larry Gigli is assigned by a crime boss to kidnap the brother of a prominent district attorney. A beautiful woman known only as Ricki is sent to stay with him to make sure he doesn't mess up the job.
38	frankenstein island	jerry warren	sci-fi/horror	1h 37m	7%	1981	n/a	TRUE	When a hot-air balloon crashes on a remote island, the crew discovers Dr. Frankenstein's ancestor carrying on the family work, along with a race of mutants and a population of Amazons.
39	ishtar	elaine may	adventure	1h 47m	38%	1987	n/a	TRUE	Two terrible lounge singers get booked to play a gig in a Moroccan hotel but somehow become pawns in an international power play between the C.I.A., the Emir of Ishtar, and the rebels trying to overthrow his regime.
40	jaws: the revenge	joseph sargent	thriller/action	1h 32m	15%	1987	jaws 4: the revenge, jaws 4	TRUE	Chief Brody's widow believes that her family is deliberately being targeted by another shark in search of revenge.
41	masters of the universe	gary goddard	fantasy/sci-fi 	1h 46m	17%	1987	n/a	TRUE	n/a
42	exorcist ii: the heretic	john boorman	drama/mystery	1h 57m	17%	1977	n/a	TRUE	A teenage girl once possessed by a demon finds that it still lurks within her. Meanwhile, a priest investigates the death of the girl's exorcist.
43	sgt. pepper's lonely hearts club band	michael schultz	indie/comedy/musical	1h 53m	12%	1978	n/a	TRUE	n/a
44	flash gordon	mike hodges	fantasy/sci-fi	1h 54m	87%	1980	n/a	TRUE	n/a
45	miami connection	y. k. kim, park woo sang	crime/thriller	2h 0m	68%	1987	n/a	TRUE	n/a
46	the giant claw	fred f. sears	horror/sci-fi	1h 15m	33%	1957	n/a	TRUE	n/a
47	my stepmother is an alien	richard benjamin	indie/romance	1h 48m	19%	1988	n/a	TRUE	n/a
48	bill & ted's bogus journey	peter hewitt	fantasy/sci-fi	2 h 0m	54%	1991	n/a	TRUE	n/a
49	explorers	joe dante	fantasy/romance	1h 49m	77%	1985	n/a	FALSE	n/a
50	weird science	john hughes	fantasy/sci-fi	1h 34m	54%	1985	n/a	TRUE	n/a
51	kindergarten cop	ivan reitman	thriller/action	1h 51m	51%	1990	n/a	TRUE	n/a
52	the last starfighter	nick castle	fantasy/sci-fi	1h 48m	77%	1984	n/a	TRUE	n/a
53	the barbarian queen	héctor olivera	fantasy/action	1h 11m	16%	1985	queen of the naked steel	TRUE	n/a
54	the dungeonmaster	charles band, john carl buechler, ted nicolaou, david w. allen, peter manoogian, steven ford, rosemarie turko	fantasy/thriller	1h 16m	16%	1984	n/a	TRUE	n/a
55	waterworld	kevin reynolds	sci-fi/thriller	2h 56m	44%	1995	n/a	TRUE	n/a
56	killer klowns from outer space	stephen chiodo	fantasy/parody	1h 28m	77%	1988	n/a	TRUE	n/a
57	spaced invaders	patrick read johnson	adventure/comedy	1h 40m	8%	1990	n/a	TRUE	n/a
58	kazaam	paul michael glaser	fantasy/comedy	1h 34m	6%	1996	n/a	TRUE	n/a
59	no holds barred	thomas j. wright	action	1h 33m	11%	1989	n/a	TRUE	n/a
60	reemo williams: the adventure begins 	guy hamilton	action/adventure	2h 1m	44%	1985	n/a	TRUE	n/a
61	manos: the hands of fate	harold p. warren	horror	1h 14m	20%	1966	n/a	TRUE	n/a
62	blacula 	william crain	fantasy/blaxploitation	1h 33m	48%	1972	n/a	TRUE	n/a
63	bio-dome 	jason bloom	comedy/slapstick	1h 35m	4%	1996	n/a	TRUE	n/a
64	in the army now 	daniel petrie	comedy/war	1h 31m	6%	1994	n/a	TRUE	n/a
65	son in law 	steve rash	comedy	1h 35m	21%	1993	n/a	TRUE	n/a
66	encino man 	les mayfield	teen/comedy	1h 28m	15%	1992	n/a	TRUE	n/a
67	army of darkness 	sam raimi	cult/action	1h 36m	72%	1992	n/a	TRUE	n/a
68	the flintstones	brian levant	fantasy/crime	1h 32m	22%	1994	n/a	TRUE	n/a
69	day of the warrior	andy sidaris	thriller/action	1h 36m	44%	1996	n/a	TRUE	n/a
70	deathstalker	john watson	fantasy/action/adventure	1h 20m	27%	1983	n/a	TRUE	n/a
71	hawk the slayer	terry marcel	fantasy/action/adventure	1h 34m	56%	1980	n/a	TRUE	n/a
72	zombie strippers	jay lee	cult/exploitation	1h 34m	39%	2008	n/a	TRUE	n/a
73	dark universe	steve latshaw	horror/sci-fi	1h 23m	33%	1993	n/a	TRUE	n/a
74	arena	peter manoogian	sport/indie/sci-fi	1h 55m	33%	1989	n/a	TRUE	n/a
75	evil toons	fred olen ray	fantasy/thriller	1h 30m	29%	1991	n/a	TRUE	n/a
76	gor	fritz kiersch	fantasy/adventure	1h 35m	3%	1987	n/a	TRUE	n/a
77	solarbabies	alan johnson	drama/sci-fi	1h 34m	43%	1986	n/a	TRUE	n/a
78	sorceress	jack hill	fantasy/action	1h 23m	12%	1982	n/a	FALSE	n/a
79	krull	peter yates	fantasy/sci-fi	2h 1m	32%	1983	n/a	FALSE	n/a
80	zarkorr! the invader	aaron osborne, michael deak	sci-fi/kaiju	1h 20m	17%	1996	n/a	TRUE	n/a
81	yor, the hunter from the future	antonio margheriti	fantasy/sci-fi	1h 38m	17%	1983	n/a	TRUE	n/a
82	puppet master	david schmoeller	drama/sci-fi/horror	1h 30m	50%	1989	n/a	TRUE	n/a
83	superman iii	richard lester	sci-fi/fantasy/super hero	2h 5m	26%	1983	n/a	TRUE	n/a
84	castle freak	stuart gordon	drama/mystery/horror	1h 35m	63%	1995	n/a	FALSE	n/a
85	starcrash	luigi cozzi	fantasy/sci-fi	1h 34m	33%	1978	n/a	TRUE	n/a
86	basket case	frank henenlotter	slasher/cult	1h 31m	74%	1982	n/a	TRUE	n/a
87	robot wars	albert band	thriller/action/sci-fi	1h 12m	25%	1993	n/a	FALSE	n/a
88	robot jox	stuart gordon	cult/indie	1h 25m	41%	1989	n/a	TRUE	n/a
89	freaked	alex winter, tom stern	sci-fi/indie	1h 26m	47%	1993	n/a	TRUE	n/a
90	body melt	philip brophy	sci-fi/thriller	1h 21m	38%	1993	n/a	FALSE	n/a
91	the wicker man	robin hardy	thriller/mystery	1h 42m	15%	2006	n/a	TRUE	n/a
92	jury duty	john fortenberry	comedy/slapstick	1h 28m	26%	1995	n/a	TRUE	n/a
93	big bully	steve miner	farce/comedy-drama	1h 31m	19%	1996	n/a	TRUE	n/a
94	endgame - bronx lotta finale	joe d'amato	action/adventure/sci-fi	1h 38m	62%	1983	n/a	FALSE	n/a
95	the stupids	john landis	adventure/comedy 	1h 34m	20%	1996	n/a	TRUE	n/a
96	warriors of the lost world	david worth	drama/action/sci-fi	1h 32m	16%	1983	n/a	TRUE	n/a
97	werewolf	tony zarindast 	indie/horror	1h 39m	13%	1996	n/a	TRUE	n/a
98	michael jackson's ghosts	stan winston	short/horror	40 m	87%	1996	n/a	FALSE	n/a
99	captain eo	francis ford coppola	short/adventure	17 m	64%	1986	n/a	FALSE	n/a
100	rhinestone	bob clark	musical/comedy	1h 51m	15%	1984	n/a	FALSE	n/a
101	hercules in new york	arthur allan seidelman	fantasy/action	1h 32m	17%	1969	n/a	TRUE	n/a
102	old dogs	walt becker	farce/buddy	1h 28m	5%	2009	n/a	TRUE	n/a
103	future war	anthony doublin	indie/action/adventure/sci-fi	1h 30m	17%	1997	n/a	TRUE	n/a
104	the visitor	giulio paradisi	thriller/action/sci-fi	1h 48m	88%	1979	n/a	FALSE	n/a
105	schizopolis	steven soderbergh	indie/comedy	1h 36m	59%	1996	n/a	FALSE	n/a
106	the lawnmower man	brett leonard	sci-fi/action	1h 48m	36%	1992	n/a	TRUE	n/a
107	the flintstones in viva rock vegas	brian levant	fantasy/comedy	1h 31m	25%	2000	n/a	TRUE	n/a
108	lawnmower man 2: beyond cyberspace	farhad mann	horror/sci-fi 	1h 32m	11%	1996	n/a	TRUE	n/a
109	the langoliers	tom holland	horror/sci-fi	3h 0m	46%	1995	n/a	FALSE	n/a
110	nukie	sias odendal	sci-fi/adventure	1h 35m	25%	1987	n/a	TRUE	n/a
111	dolly dearest	maria lease	slasher/horror	1h 34m	34%	1991	n/a	FALSE	n/a
112	tarzan, the ape man 	john derek	action/adventure	1h 55m	11%	1981	n/a	FALSE	n/a
113	silent night deadly night	charles e. sellier jr.	thriller/horror/holiday	1h 36m	24%	1984	n/a	FALSE	n/a
114	jingle all the way	brian levant	comedy/family/holiday	1h 35m	15%	1996	n/a	TRUE	n/a
115	r.o.t.o.r	cullen blaine	sci-fi/thriller	1h 30m	37%	1987	n/a	TRUE	n/a
116	karate cop aka dragon cop	alan roberts	drama/action 	1h 40m	43%	1991	dragon cop	FALSE	n/a
117	phantom raiders	sonny sanders	action	1h 30min	42%	1988	n/a	TRUE	Deep within the steaming tropical jungles of Vietnam is a Viet Cong terrorist training camp, run by an ex-Green Beret, William Marshall. A roving photographer stumbles upon the hidden camp and starts to take pictures. He is caught and summarily executed but the photos make it back to Washington. The CIA decide to send in an elite team of jungle warfare commandos, the Phantom Raiders, to establish whether Marshall is a POW or has gone bad. But another element has been added to this dangerous game. One of the Phantom Raiders is Marshall's son. Now he must come face to face with the enigma that was his father. The Phantom Raiders is a non-stop film of explosive action, with enough mayhem to leave you breathless.
118	the blademaster	joe d'amato	fantasy/action	1h 32m	19%	1984	ator 2 - l'invincibile orion	FALSE	n/a
119	proteus	bob keen	adaptation/drama/sci-fi	1h 36m	22%	1995	n/a	FALSE	n/a
120	monolith 	john eyres	action/sci-fi	1h 31m	29%	1993	n/a	FALSE	n/a
121	creature	william malone	horror/sci-fi	1h 37m	12%	1985	n/a	TRUE	n/a
122	cujo	lewis teague	thriller/horror	2h 15m	61%	1983	n/a	TRUE	n/a
123	hercules	luigi cozzi	fantasy/action	1h 40m	25%	1983	n/a	FALSE	n/a
124	lifeforce	tobe hooper	sci-fi/thriller	1h 56m	58%	1985	n/a	FALSE	n/a
125	joey	roland emmerich	horror/sci-fi	1h 38m	23%	1985	making contact 	FALSE	n/a
126	invader	philip cook	sci-fi	1h 35m	17%	1992	n/a	FALSE	n/a
127	survival zone 	percival rubens	thriller/drama	1h 30m	30%	1983	n/a	FALSE	n/a
128	terror train 	roger spottiswoode	slasher/thriller	1h 37m	33%	1980	n/a	FALSE	n/a
129	space mutiny 	david winters	action/romance/sci-fi	1h 48m	12%	1988	n/a	TRUE	n/a
130	future zone 	david a. prior	sci-fi/action	1h 19m	0%	1990	n/a	TRUE	n/a
131	laser mission 	bj davis	action/fantasy/sci-fi	1h 30m	25%	1989	n/a	TRUE	n/a
132	fire head 	peter yuval	thriller/action	1h 28m	10%	1991	n/a	FALSE	n/a
133	final justice 	greydon clark	thriller/indie	1h 32m	13%	1985	n/a	TRUE	n/a
134	gymkata 	robert clouse	action/adventure	1h 30m	17%	1985	n/a	TRUE	n/a
135	cool as ice 	david kellogg	cult/comedy	1h 40m	7%	1991	n/a	TRUE	n/a
136	the last dragon	michael schultz	drama/cult	1h 49m	59%	1985	n/a	FALSE	n/a
137	dead alive 	peter jackson	splatter/horror	1h 44m	86%	1992	n/a	FALSE	n/a
138	riki-oh: the story of riki	lam ngai kai	crime/thriller	1h 31m	89%	1991	n/a	TRUE	n/a
139	santa with muscles	john murlowski	comedy/family/holiday	1h 37m	23%	1996	n/a	TRUE	n/a
140	shark attack 3: megalodon	david worth	fantasy/horror	1h 39m	20%	2002	n/a	TRUE	n/a
141	ssssssss	bernard l. kowalski	sci-fi/horror	1h 39m	30%	1973	n/a	TRUE	n/a
142	attack of the killer tomatoes 	john de bello	parody/sci-fi	1h 27m	27%	1978	n/a	FALSE	n/a
143	chopping mall 	jim wynorski	slasher/indie/sci-fi	1h 35m	63%	1986	n/a	TRUE	n/a
144	brain damage	frank henenlotter	sci-fi/farce	1h 26m	69%	1988	n/a	FALSE	n/a
145	street trash	j. michael muro	cult/horror	1h 42m	67%	1987	n/a	FALSE	n/a
146	the incredible melting man 	william sachs	sci-fi/cult	1h 26m	7%	1977	n/a	FALSE	n/a
147	the guyver	steve wang, screaming mad george	sci-fi/action	1h 45m	36%	1991	mutronics	FALSE	n/a
148	for y'ur height only 	eddie nicart	action/comedy	1h 33m	70%	1981	n/a	FALSE	n/a
149	phantasm 2	don coscarelli	fantasy/sci-fi	1h 37m	30%	1988	n/a	FALSE	n/a
150	forbidden zone	richard elfman	comedy/thriller	1h 16m	88%	1980	n/a	FALSE	n/a
151	hardbodies	mark griffiths	comedy	1h 28m	31%	1984	n/a	FALSE	n/a
152	the brain	edward hunt	sci-fi/horror	1h 34m	37%	1988	n/a	FALSE	n/a
153	munchies	tina hirsch	horror/comedy	1h 23m	25%	1987	n/a	FALSE	n/a
154	munchie	jim wynorski	comedy/sci-fi	1h 30m	41%	1992	n/a	FALSE	n/a
155	munchie strikes back	jim wynorski	comedy/family	1h 34m	30%	1994	n/a	FALSE	n/a
156	the happening	m. night shyamalan	fantasy/mystery	1h 50m	18%	2008	n/a	TRUE	n/a
157	xanadu	robert greenwald	fantasy/romance	1h 36m	24%	1980	n/a	FALSE	n/a
158	porky's	bob clark	comedy	1h 39m	30%	1981	n/a	FALSE	n/a
159	porky's ii: the next day	bob clark	comedy/screwball	1h 38m	11%	1983	n/a	FALSE	n/a
160	porkey's revenge	james komack	comedy/sport/teen	1h 32m	27%	1985	n/a	FALSE	n/a
161	hard ticket to hawaii	andy sidaris	thriller/action	1h 40m	17%	1987	n/a	TRUE	n/a
162	the sword and the sorcerer	albert pyun	fantasy/indie	1h 40m	67%	1982	n/a	TRUE	n/a
163	theodore rex	jonathan r. betuel	fantasy/buddy	1h 32m	19%	1995	n/a	TRUE	n/a
164	trapped in paradise	george gallo	romance/adventure/comedy	1h 51m	10%	1994	n/a	TRUE	n/a
165	assault of the party nerds	richard gabai	comedy	1h 25m	11%	1989	n/a	FALSE	n/a
166	cave girl 	david oliver	fantasy/romance/comedy	1h 25m	14%	1985	n/a	TRUE	n/a
167	inseminoid	norman j. warren	sci-fi/indie/horror	1h 33m	15%	1981	horror planet	FALSE	n/a
168	2019, after the fall of new york	sergio martino	sci-fi/action	1h 36m	59%	1983	n/a	TRUE	n/a
169	space raiders	howard r. cohen	action/adventure/sci-fi	1h 24m	21%	1983	n/a	FALSE	n/a
170	caravan of courage: an ewok adventure	john korty	fantasy/adventure/sci-fi	3h 10m	23%	1984	n/a	FALSE	n/a
171	ewoks: the battle for endor	jim wheat, ken wheat	fantasy/action	1h 34m	51%	1985	n/a	FALSE	n/a
172	real genius	martha coolidge	indie/teen	1h 46m	75%	1985	n/a	FALSE	n/a
173	zombi 3	lucio fulci, bruno mattei, claudio fragasso	sci-fi/action	1h 36m	24%	1988	zombie flesh eaters 2	FALSE	n/a
174	zombie 4: after death	claudio fragasso	drama/zombie	1h 25m	12%	1989	n/a	FALSE	n/a
175	beyond darkness	claudio fragasso	horror	1h 35m	12%	1990	la casa 5	FALSE	n/a
176	cruel jaws	bruno mattei	thriller/action	1h 36m	14%	1995	n/a	FALSE	n/a
177	robowar	bruno mattei	sci-fi/action	1h 32m	43%	1988	n/a	FALSE	n/a
178	shocking dark	bruno mattei	action/sci-fi	1h 30m	19%	1989	terminator 2/alienator/aliens 3	FALSE	n/a
179	the pod people	juan piquer simón	sci-fi	1h 40m	21%	1983	los nuevos extraterrestres/extra terrestrial visitors	FALSE	n/a
180	the final sacrifice 	tjardus greidanus	fantasy/adventure	1h 18m	24%	1990	quest for the lost city	FALSE	n/a
181	congo 	frank marshall	action/mystery	1h 49m	22%	1995	n/a	TRUE	n/a
182	invaders from mars 	tobe hooper	sci-fi/horror	1h 40m	36%	1986	n/a	FALSE	n/a
183	the paperboy 	douglas jackson	thriller/indie	1h 37m	37%	1994	n/a	FALSE	n/a
184	the order of the black eagle 	worth keeter	action/adventure	1h 33m	35%	1987	n/a	FALSE	n/a
185	c.h.u.d 	douglas cheek	drama/sci-fi	1h 36m	29%	1984	n/a	TRUE	n/a
186	c.h.u.d 2 	david irving	horror/comedy	1h 24m	22%	1989	n/a	TRUE	n/a
187	total recall 	paul verhoeven	fantasy/sci-fi/mystery	1h 53m	82%	1990	n/a	FALSE	n/a
188	bad medicine 	harvey miller	comedy	2h 36m	27%	1985	n/a	FALSE	n/a
189	chopper chicks in zombietown 	dan hoskins	thriller/indie	1h 26m	42%	1989	n/a	FALSE	n/a
190	deathsport 	roger corman, allan arkush	indie/action	1h 22m	27%	1978	n/a	FALSE	n/a
191	the black hole 	gary nelson	action/adventure 	1h 38m	43%	1979	n/a	FALSE	n/a
192	the swamp thing	wes craven	fantasy/sci-fi	1h 32m	67%	1982	n/a	FALSE	n/a
193	crossworlds 	krishna rao	action/adventure	1h 31m	20%	1996	n/a	FALSE	n/a
194	final exam 	jimmy huston	slasher/teen	1h 30m	14%	1981	n/a	FALSE	n/a
195	the pit 	lew lehman	thriller/mystery	1h 41m	36%	1981	teddy	FALSE	n/a
196	junior 	ivan reitman	sci-fi/romance	1h 50m	36%	1994	n/a	TRUE	n/a
197	twins 	ivan reitman	buddy/comedy	1h 47m	44%	1988	n/a	TRUE	n/a
198	the last action hero 	john mctiernan	fantasy/action	2h 11m	36%	1993	n/a	TRUE	n/a
199	night hunter 	rick jacobson	drama/action	1h 26m	20%	1996	n/a	FALSE	n/a
200	ed 	bill couturié	sport/comedy	1h 35m	22%	1996	n/a	TRUE	n/a
201	cyber zone 	fred olen ray	action/sci-fi	1h 30m	30%	1995	n/a	TRUE	n/a
202	national lampoon's senior trip 	kelly makin	teen/comedy	1h 31m	55%	1995	n/a	FALSE	n/a
203	it's pat 	adam bernstein	comedy/slapstick	1h 18m	28%	1994	n/a	FALSE	n/a
204	son of the mask 	lawrence guterman	fantasy/action	1h 34m	6%	2005	n/a	FALSE	n/a
205	chairman of the board 	alex zamm	comedy/slapstick	1h 35m	13%	1998	n/a	TRUE	n/a
206	little nicky	steven brill	fantasy/romance	1h 30m	22%	2000	n/a	FALSE	n/a
207	freddy got fingered 	tom green	thriller/action	1h 33m	10%	2001	n/a	TRUE	n/a
208	lost in space 	stephen hopkins	action/adventure/sci-fi	2h 10m	28%	1998	n/a	FALSE	n/a
209	alone in the dark 	uwe boll	fantasy/sci-fi 	1h 39m	1%	2005	n/a	TRUE	n/a
210	ghost dad 	sidney poitier	drama/comedy	1h 23m	7%	1990	n/a	TRUE	n/a
211	hudson hawk 	michael lehmann	action/adventure	1h 40m	26%	1991	n/a	FALSE	n/a
212	guyver 2: dark hero 	steve wang	action/horror/sci-fi	2h 8m	61%	1994	n/a	FALSE	n/a
213	harry and the hendersons 	william dear	fantasy/buddy	1h 51m	42%	1987	n/a	TRUE	n/a
214	evil ed 	anders jacobsson	horror/comedy	1h 36m	48%	1995	n/a	FALSE	n/a
215	weekend at bernie's ii	robert klane	farce/buddy	1h 37m	10%	1993	n/a	TRUE	n/a
216	halloween iii: season of the witch 	tommy lee wallace	fantasy/mystery	1h 39m	42%	1982	n/a	TRUE	n/a
217	steel 	kenneth johnson	action/superhero	1h 37m	12%	1997	n/a	FALSE	n/a
218	soul man 	steve miner	teen/comedy	1h 45m	14%	1986	n/a	TRUE	n/a
219	elves	jeffrey mandel	horror	1h 29m	30%	1989	n/a	FALSE	n/a
220	frogs 	george mccowan	mystery/sci-fi	1h 31m	29%	1972	n/a	FALSE	n/a
221	blankman 	mike binder	action/adventure/superhero	1h 36m	13%	1994	n/a	FALSE	n/a
222	night of the lepus 	william f. claxton	thriller/horror	1h 28m	8%	1972	n/a	FALSE	n/a
223	titanic 2 	shane van dyke	action/adventure	1h 30m	15%	2010	n/a	FALSE	n/a
224	short circuit 	john badham	fantasy/action/sci-fi	1h 39m	58%	1986	n/a	FALSE	n/a
225	volcano 	mick jackson	drama/disaster	1h 44m	50%	1997	n/a	FALSE	n/a
226	mr. nanny 	michael gottlieb	comedy/family	1h 24m	7%	1993	n/a	FALSE	n/a
227	mom and dad save the world 	greg beeman	adventure/comedy/sci-fi	1h 31m	9%	1992	n/a	FALSE	n/a
228	monkeybone 	henry selick	fantasy/action/adventure	1h 33m	19%	2001	n/a	FALSE	n/a
229	mannequin 	michael gottlieb	fantasy/indie	1h 30m	19%	1987	n/a	TRUE	n/a
230	mannequin 2: on the move 	stewart raffill	fantasy/indie	1h 35m	13%	1991	n/a	TRUE	n/a
231	invisible child 	joan micklin silver	television/melodrama	1h 33m	50%	1999	n/a	FALSE	n/a
232	the invisible kid 	avery crounse	comedy/sci-fi	1h 37m	40%	1988	n/a	FALSE	n/a
233	the spookies 	genie joseph, thomas doran, brendan faulkner	horror	1h 25m	19%	1986	n/a	FALSE	n/a
234	howling iii	philippe mora	indie/horror	1h 38m	17%	1987	n/a	FALSE	n/a
235	howling iv: the original nightmare	john hough	indie/horror	1h 34m	16%	1988	n/a	FALSE	n/a
236	howling v: the rebirth	neal sundstrom	indie/horror	1h 36m	25%	1989	n/a	FALSE	n/a
237	howling vi: the freaks	hope perello	indie/horror	1h 42m	18%	1991	n/a	FALSE	n/a
238	howling: new moon rising	clive j. turner	horror	1h 30m	11%	1995	n/a	FALSE	n/a
239	the phantom 	simon wincer	fantasy/action/superhero	1h 40m	42%	1996	n/a	FALSE	n/a
240	the pirate movie 	ken annakin	fantasy/comedy/musical	1h 45m	9%	1982	n/a	FALSE	n/a
241	student exchange	mollie miller	teen/comedy	1h 28m	70%	1987	n/a	FALSE	n/a
242	head of the family 	charles band	horror/comedy	1h 22m	34%	1996	n/a	FALSE	n/a
243	just one of the girls 	michael keusch	sport/teen	1h 31m	56%	1993	anything for love	FALSE	n/a
244	the runestone 	willard carroll	adventure/horror	1h 45m	20%	1991	n/a	FALSE	n/a
245	dungeons and dragons	courtney solomon	fantasy/action	1h 48m	10%	2000	n/a	FALSE	n/a
246	vibes 	ken kwapis	fantasy/romance	1h 40m	6%	1988	n/a	FALSE	n/a
247	netherworld 	david schmoeller	horror	1h 27m	13%	1992	n/a	FALSE	n/a
248	metamorphosis: the alien factor 	glenn takakjian	thriller/horror/sci-fi	1h 38m	35%	1990	the deadly spawn ii	TRUE	n/a
249	demon wind 	charles philip moore	horror	1h 36m	21%	1990	n/a	FALSE	n/a
250	a nightmare on elm street 	wes craven	mystery/slasher	1h 41m	94%	1984	n/a	TRUE	n/a
251	rumpelstiltskin	mark jones	horror/supernatural	1h 31m	27%	1995	n/a	FALSE	n/a
252	the arrival 	david twohy	sci-fi/thriller	1h 55m	64%	1996	n/a	FALSE	n/a
253	the second arrival	kevin s. tenney	thriller/action/sci-fi	1h 41m	15%	1998	the second arrival	FALSE	n/a
254	the wraith 	mike marvin	mystery/thriller/sci-fi	1h 33m	33%	1986	n/a	FALSE	n/a
255	beyond the law 	larry ferguson	drama/crime	1h 49m	73%	1993	n/a	FALSE	n/a
256	santa jr. 	kevin connor	fantasy/romance/holiday	1h 40m	45%	2002	n/a	FALSE	n/a
257	home sweet home 	netie pena	slasher/thriller	1h 25m	16%	1981	n/a	FALSE	n/a
258	party camp 	gary graver	comedy	1h 27m	0%	1987	n/a	FALSE	n/a
259	mankillers 	david a. prior	action	1h 28m	30%	1987	12 wild women	FALSE	The CIA sends a blonde (Lynda Aldon) to stop a bad agent in Colombia: she does it with 12 women convicts.
260	demons 	lamberto bava	action/horror	1h 28m	60%	1985	n/a	FALSE	Patrons (Natasha Hovey, Urbano Barberini) of a sneak preview see others zombie-fied to heavy-metal music in a Berlin theater.
261	demons 2 	lamberto bava	horror	1h 32m	60%	1986	demons 2: the nightmare returns	FALSE	Residents (David Knight, Virginia Bryant, Bobby Rhodes) of a high-rise are trapped inside with demons on a Saturday night.
262	the curse 	david keith	horror	1h 32m	50%	1987	n/a	FALSE	A boy's farm life changes when an ice-blue meteor plunges to earth, and only he and the local doctor believe that it's strange, root-like tendons are poisoning the farm's water supply and its occupants.
263	slugs	juan piquer simón	horror	1h 32m	38%	1988	n/a	FALSE	A health inspector (Michael Garfield) and two helpers hunt mutant killer slugs that call the sewer home.
264	going overboard 	valerie breiman	comedy	1h 39m	11%	1989	n/a	FALSE	A struggling young comedian takes a menial job on a cruise ship where he hopes for his big chance to make it in the world of cruise ship comedy.
265	shakes the clown 	bobcat goldthwait	drama/action 	1h 27m	38%	1991	n/a	FALSE	The all-clown town of Palukaville provides a colourful backdrop for this tale of an alcoholic funnyman framed for murder.
266	airheads 	michael lehmann	teen/comedy	1h 32m	21%	1994	n/a	FALSE	Three aspiring rock musicians -- Chazz (Brendan Fraser), Pip (Adam Sandler) and Rex (Steve Buscemi) -- are determined to have their band's demo tape played on the air. Out of desperation, they sneak into a Los Angeles radio station, but when the manager, Milo (Michael McKean), meets them with hostility, they resort to threatening him with realistic-looking water pistols. Soon the situation escalates, and the none-too-bright rockers get in over their heads.
267	suburban comando 	burt kennedy	action/adventure	1h 30m	15%	1991	n/a	FALSE	Problems with his rocket compel space-traveling vigilante Shep Ramsey (Hulk Hogan) to spend some time on Earth. Plunking himself down in the middle of suburbia, he rents a room from Charlie (Christopher Lloyd) and Jenny Wilcox (Shelley Duvall). Shep attempts to acclimate himself -- he skateboards, he accosts a mail carrier -- but he's destined to be a fish out of water. But when his outer space enemies arrive and pick a fight with his new friends, Shep is ready to prove his mettle. 
268	adventures in dinosaur city 	brett thompson	fantasy/adventure	1h 28m	38%	1992	n/a	TRUE	Two boys (Omri Katz, Shawn Hoffman) and a girl (Tiffanie Poston) are magically transported into their favorite TV show, an animated series about dinosaurs.
269	howling 2 	philippe mora	thriller/indie	1h 31m	27%	1985	n/a	FALSE	After his sister is turned into a werewolf and subsequently killed, Ben White (Reb Brown) decides to help the enigmatic Stefan Crosscoe (Christopher Lee) fight the growing population of lupine monsters, along with the lovely Jenny Templeton (Annie McEnroe). Traveling to Transylvania, Ben, Jenny and Crosscoe attempt to hunt down the powerful werewolf queen, Stirba (Sybil Danning), and must face her furry followers, as well as other supernatural forces.
270	the being 	jackie kong	horror/sci-fi	1h 22m	20%	1983	n/a	FALSE	n/a
271	mortuary	howard avedis	slasher/horror	1h 31m	29%	1983	n/a	FALSE	n/a
272	hell night 	tom desimone	slasher/indie	1h 41m	56%	1981	n/a	FALSE	n/a
273	the hearse 	george bowers	thriller/indie	1h 35m	23%	1980	n/a	FALSE	n/a
274	nightmare city 	umberto lenzi	thriller/sci-fi	1h 32m	40%	1980	n/a	FALSE	n/a
275	gore-met, zombie chef from hell 	don swan	horror/comedy	1h 7m	14%	1986	n/a	FALSE	n/a
276	ghostkeeper 	jim makichuk	thriller/drama	1h 29m	23%	1981	n/a	FALSE	n/a
277	funeral home 	william fruet	thriller/mystery	1h 33m	21%	1980	n/a	FALSE	n/a
278	hard rock zombies 	krishna shah	cult/horror	1h 38m	55%	1985	n/a	FALSE	n/a
279	book of shadows: blair witch 2 	joe berlinger	slasher/thriller	1h 39m	14%	2000	n/a	TRUE	n/a
280	the tony blair witch project 	michael a. martinez	comedy	1h 10m	24%	2000	n/a	FALSE	n/a
281	die hard dracula 	peter horak	horror/comedy	1h 28m	17%	1998	n/a	FALSE	n/a
282	over the top 	menahem golan	sport/drama	1h 33m	27%	1987	n/a	TRUE	n/a
283	laserblast 	michael rae	cult/horror/sci-fi	1h 25m	14%	1978	n/a	TRUE	n/a
284	zaat 	don barton	fantasy/cult	1h 40m	12%	1971	the blood waters of dr. z, hydra, attack of the swamp creatures	FALSE	n/a
285	devilfish 	lamberto bava	thriller/action	1h 36m	17%	1984	shark monster	FALSE	n/a
286	desperate lives 	robert michael lewis	drama	1h 36m	70%	1982	n/a	FALSE	n/a
287	not my kid 	michael tuchner	drama/teen	1h 40m	60%	1985	n/a	FALSE	n/a
288	squirm 	jeff lieberman	horror	1h 33m	36%	1976	n/a	FALSE	n/a
289	disco godfather 	j. robert wagoner	drama/blaxploitation	1h 33m	83%	1979	avenging disco godfather 	FALSE	n/a
290	time chasers 	david giancola	indie/sci-fi	1h 30m	19%	1994	tangents	FALSE	n/a
291	simon sez 	kevin alyn elders	thriller	1h 26m	17%	1999	n/a	FALSE	n/a
292	dark harvest 2: the maize 	bill cowell	horror	1h 28m	11%	2004	n/a	FALSE	n/a
293	nine lives 	andrew green	horror/supernatural	1h 25m	28%	2002	n/a	FALSE	n/a
294	ghosts can't do it 	john derek	fantasy/action	1h 30m	14%	1989	n/a	TRUE	n/a
295	the pumaman 	alberto de martino	fantasy/action/superhero	1h 40m	28%	1980	n/a	FALSE	n/a
296	seven mummies 	nick quested	thriller/horror	1h 30m	9%	2005	n/a	FALSE	n/a
297	car 54, where are you? 	bill fishman	comedy	1h 29m	11%	1994	n/a	FALSE	n/a
298	merlin's shop of mystical wonders 	kenneth j. berton	fantasy/horror	1h 32m	17%	1996	n/a	FALSE	n/a
299	copper mountain: a club med experience 	david mitchell	sport/romance/comedy	1h 00m	15%	1983	n/a	FALSE	n/a
300	boggy creek 2: and the legend continues 	charles b. pierce	horror/monster	1h 31m	15%	1985	n/a	FALSE	n/a
301	oasis of the living dead 	jesús franco	horror	1h 22m	5%	1981	the treasure of the living dead, oasis of the zombies	FALSE	n/a
302	the heavenly kid 	cary medoway	fantasy/romance/comedy	1h 31m	22%	1985	n/a	FALSE	n/a
303	surviving christmas 	mike mitchell	romance/comedy/holiday	1h 31m	7%	2004	n/a	FALSE	n/a
304	bill and ted's excellent adventure 	stephen herek	fantasy/teen/adventure	1h 31m	78%	1989	n/a	TRUE	n/a
305	programmed to kill 	allan holzman	action/sci-fi	1h 31m	25%	1987	the retaliator	FALSE	n/a
306	she 	robert day	fantasy/adventure	1h 46m	18%	1985	n/a	FALSE	n/a
307	time walker 	tom kennedy	sci-fi/horror 	1h 23m	27%	1982	n/a	FALSE	n/a
308	america 3000 	david engelbach	sci-fi/cult	1h 24m	23%	1986	n/a	FALSE	n/a
309	mutator 	john r. bowey	horror/sci-fi	1h 31m	35%	1989	time of the beast	FALSE	n/a
310	stryker 	cirio h. santiago	action/sci-fi	1h 26m	8%	1983	n/a	FALSE	n/a
311	wheels of fire 	cirio h. santiago	action/adventure/sci-fi	1h 21m	41%	1985	n/a	FALSE	n/a
312	steele justice 	robert boris	action/drama/thriller	1h 35m	39%	1987	n/a	FALSE	n/a
313	project shadowchaser 	john eyres	action/sci-fi	1h 37m	36%	1992	n/a	FALSE	n/a
314	project shadowchaser 2 	john eyres	action/sci-fi	1h 34m	41%	1994	n/a	FALSE	n/a
315	raiders of the sun 	cirio h. santiago	action/adventure	1h 20m	41%	1992	n/a	FALSE	n/a
316	equalizer 2000 	cirio h. santiago	action/adventure	1h 25m	12%	1987	n/a	FALSE	n/a
317	prototype x29a 	phillip j. roth	thriller/action	1h 38m	17%	1992	n/a	TRUE	n/a
318	shadow zone 	j. s. cardone	horror/sci-fi	1h 28m	29%	1990	n/a	FALSE	n/a
319	hell squad 	kenneth hartford	action/drama/thriller	1h 28m	25%	1986	n/a	FALSE	n/a
320	short circuit 2 	kenneth johnson	sci-fi/action/comedy	1h 51m	38%	1988	n/a	FALSE	n/a
321	maximum overdrive 	stephen king	mystery/disaster	1h 38m	17%	1986	n/a	FALSE	n/a
322	raw deal 	john irvin	thriller/indie	1h 47m	25%	1986	n/a	FALSE	n/a
323	class of 1999	mark l. lester	sci-fi/drama/thriller	1h 39m	67%	1990	n/a	FALSE	n/a
324	king kong lives 	john guillermin	fantasy/indie	1h 45m	16%	1986	n/a	FALSE	n/a
325	the lift 	dick maas	fantasy/sci-fi	1h 39m	40%	1983	de lift, goin' up	FALSE	n/a
326	once bitten 	howard storm	teen/romance	1h 34m	18%	1985	n/a	TRUE	n/a
327	double trouble 	john paragon	action/adventure	1h 26m	39%	1992	n/a	FALSE	n/a
328	drop dead fred 	ate de jong	drama/fantasy	1h 43m	9%	1991	n/a	FALSE	n/a
329	license to drive 	greg beeman	teen/buddy	1h 30m	17%	1988	n/a	FALSE	n/a
330	catwoman 	pitof	fantasy/thriller/superhero	1h 44m	9%	2004	n/a	TRUE	n/a
331	twin sitters 	john paragon	thriller/comedy	1h 33m	58%	1994	n/a	FALSE	n/a
332	think big! 	jon turteltaub	comedy	1h 26m	58%	1989	n/a	FALSE	n/a
333	smokey and the bandit part 3 	dick lowry	action/adventure	1h 25m	17%	1983	n/a	FALSE	n/a
334	beyond the stars 	david saperstein	drama/fantasy	1h 34m	33%	1989	n/a	TRUE	n/a
335	blood diner 	jackie kong	thriller/horror	1h 28m	57%	1987	n/a	FALSE	n/a
336	creepozoids 	david decoteau	horror/sci-fi	1h 12m	12%	1987	n/a	FALSE	n/a
337	my tutor 	george bowers	drama/coming of age	1h 37m	36%	1983	n/a	FALSE	n/a
338	fit to kill 	andy sidaris	thriller/action	1h 34m	38%	1993	n/a	FALSE	n/a
339	malibu express 	andy sidaris	thriller/mystery	1h 45m	35%	1985	n/a	FALSE	n/a
340	the best of times 	roger spottiswoode	sport/comedy	1h 44m	31%	1986	n/a	FALSE	n/a
341	deathstalker 2 	jim wynorski	fantasy/action/adventure	1h 26m	63%	1987	n/a	FALSE	n/a
342	deathstalker and the warriors from hell	alfonso corona	fantasy/adventure	1h 26m	21%	1988	deathstalker iii: the warriors from hell	FALSE	n/a
343	deathstalker iv: match of titans	howard r. cohen	fantasy/action	1h 25m	20%	1991	n/a	FALSE	n/a
344	the lost empire 	jim wynorski	drama/fantasy	1h 23m	27%	1984	n/a	FALSE	n/a
345	timerider: the adventure of lyle swann	william dear	indie/action	1h 34m	24%	1982	n/a	FALSE	n/a
346	loaded weapon	gene quintano	indie/action	1h 37m	18%	1993	n/a	FALSE	n/a
347	class	lewis john carlino	coming of age/comedy/drama	1h 38m	25%	1983	n/a	TRUE	n/a
348	kolobos	daniel liatowitsch, david todd ocvirk	slasher/horror 	1h 27m	60%	1999	n/a	FALSE	n/a
349	tail string	paul wynne	thriller/action	1h 37m	35%	2001	n/a	FALSE	n/a
350	mega force 	hal needham	fantasy/action	1h 39m	41%	1982	n/a	FALSE	n/a
351	rats: night of terror 	bruno mattei, claudio fragasso	sci-fi/thriller 	1h 38m	31%	1984	n/a	FALSE	n/a
352	syngenor 	george elanjian jr.	horror/sci-fi 	1h 38m	20%	1990	n/a	FALSE	n/a
353	scared to death 	william malone	drama/horror	1h 33m	16%	1981	n/a	FALSE	n/a
354	mutant 	john cardos	horror	1h 39m	33%	1984	night shadows	FALSE	n/a
355	lords of the deep 	mary ann fisher	thriller/horror/sci-fi	1h 35m	19%	1989	n/a	FALSE	n/a
356	star crystal 	lance lindsay	horror/sci-fi	1h 34m	14%	1986	n/a	FALSE	n/a
357	metalstorm: the destruction of jared-syn 	charles band	action/adventure	1h 24m	24%	1983	n/a	FALSE	n/a
358	white man's burden 	desmond nakano	thriller/drama	1h 37m	24%	1995	n/a	FALSE	n/a
359	drive angry 	patrick lussier	fantasy/thriller 	1h 45m	46%	2011	n/a	FALSE	n/a
360	yonggary 	shim hyung-rae	fantasy/sci-fi 	1h 40m	14%	1999	n/a	FALSE	n/a
361	mandroid 	jack ersgard	thriller/sci-fi	1h 21m	8%	1993	n/a	FALSE	n/a
362	don't tell mom the babysitter's dead 	stephen herek	teen/comedy	1h 45m	36%	1991	n/a	FALSE	n/a
363	return to oz 	walter murch	fantasy/mystery	1h 58m	52%	1985	n/a	FALSE	n/a
364	cool world 	ralph bakshi	fantasy/action 	1h 42m	4%	1992	n/a	TRUE	n/a
365	evolver 	mark rosman	teen/horror	1h 35m	43%	1995	n/a	FALSE	n/a
366	meet the applegates 	michael lehmann	comedy/dark comedy	1h 30m	10%	1990	n/a	FALSE	n/a
367	green ice 	ernest day	action/romance	1h 56m	47%	1981	n/a	FALSE	n/a
368	the warrior and the sorceress 	john broderick	fantasy/action	1h 21m	19%	1984	n/a	FALSE	n/a
369	hybrid 	fred olen ray	horror/sci-fi 	1h 30m	0%	1997	n/a	FALSE	n/a
370	beach babes from beyond	david decoteau	comedy/sci-fi	1h 15m	21%	1993	n/a	FALSE	n/a
371	sleepwalkers 	mick garris	adaptation/teen/horror	1h 31m	20%	1992	n/a	FALSE	n/a
372	footloose 	herbert ross	drama/comedy-drama	1h 50m	51%	1984	n/a	TRUE	n/a
373	adventures in babysitting 	chris columbus	crime/thriller	1h 42m	78%	1987	n/a	FALSE	n/a
374	cocktail 	roger donaldson	drama/romance	1h 43m	5%	1988	n/a	TRUE	n/a
375	career opportunities 	bryan gordon	teen/romance	1h 23m	38%	1991	n/a	FALSE	n/a
376	meet the feebles 	peter jackson	comedy/parody	1h 37m	71%	1989	n/a	FALSE	n/a
377	face off 	john woo	thriller/action	2h 20m	92%	1997	n/a	TRUE	n/a
378	hardware 	richard stanley	sci-fi/thriller	1h 34m	50%	1990	n/a	FALSE	n/a
379	cyborg cop 	sam firstenberg	sci-fi	1h 36m	20%	1993	n/a	FALSE	n/a
380	cyborg cop 2 	sam firstenberg	sci-fi	1h 37m	11%	1995	n/a	FALSE	n/a
381	cyborg cop 3 	yossi wein	thriller/action/sci-fi	1h 34m	17%	1995	n/a	FALSE	n/a
382	barb-wire 	david hogan	sci-fi/action	1h 49m	28%	1996	n/a	FALSE	n/a
383	omega cop 	paul kyriazi	action/martial arts	1h 27m	62%	1989	n/a	TRUE	n/a
384	braniac 	chano urueta	thriller/horror	1h 17m	41%	1961	n/a	FALSE	n/a
385	the fly 2 	chris walas	drama/indie/sci-fi	1h 45m	27%	1989	n/a	TRUE	n/a
386	fortress	stuart gordon	indie/action	1h 35m	40%	1992	n/a	FALSE	n/a
387	killdozer 	jerry london	horror/sci-fi	1h 14m	29%	1974	n/a	FALSE	n/a
388	judge dredd 	danny cannon	crime/thriller	1h 36m	17%	1995	n/a	TRUE	n/a
389	starship troopers 	paul verhoeven	thriller/mystery/sci-fi	2h 9m	62%	1997	n/a	TRUE	n/a
390	starship troopers 2 	phil tippett	thriller/action/sci-fi	1h 33m	33%	2004	n/a	TRUE	n/a
391	starship troopers 3: marauder	edward neumeier	action/adventure/sci-fi	1h 45m	50%	2008	n/a	TRUE	n/a
392	stop or my mom will shoot 	roger spottiswoode	action/adventure	1h 28m	8%	1992	n/a	TRUE	n/a
393	equilibrium 	kurt wimmer	thriller/tech noir	1h 47m	40%	2002	n/a	FALSE	n/a
394	samurai cop 	amir shervan	crime/thriller/martial arts	1h 36m	48%	1991	n/a	TRUE	n/a
395	surf ninjas 	neal israel	action/adventure	1h 27m	11%	1993	n/a	FALSE	n/a
396	the couch trip 	michael ritchie	indie/comedy	1h 37m	38%	1988	n/a	FALSE	n/a
397	the burbs 	joe dante	mystery/thriller/comedy	1h 42m	53%	1989	n/a	FALSE	n/a
398	the man with the one red shoe 	stan dragoti	thriller/action/comedy	1h 45m	47%	1985	n/a	FALSE	n/a
399	ultra warrior 	kevin tent	action/adventure/sci-fi	1h 20m	53%	1990	n/a	FALSE	n/a
400	visiting hours 	jean-claude lord	slasher/thriller	1h 45m	15%	1982	n/a	FALSE	n/a
401	shakma 	tom logan, hugh parks	horror	1h 41m	40%	1990	n/a	FALSE	n/a
402	basket case 2 	frank henenlotter	slasher/cult	1h 30m	39%	1990	n/a	TRUE	n/a
403	basket case 3 	frank henenlotter	horror/comedy	1h 30m	31%	1991	n/a	TRUE	n/a
404	tank girl 	rachel talalay	action/comedy	1h 44m	38%	1995	n/a	FALSE	n/a
405	johnny mnemonic 	robert longo	crime/sci-fi	1h 43m	13%	1995	n/a	FALSE	n/a
406	dna 	william mesa	action/horror	1h 45m	16%	1997	n/a	FALSE	n/a
407	my mom's a werewolf 	michael fischa	horror/comedy	1h 30m	34%	1989	n/a	FALSE	n/a
408	dead heat 	mark goldblatt	action/adventure	1h 26m	11%	1988	n/a	FALSE	n/a
409	smoke 'n' lightnin 	alan smithee, mike kirton	action	1h 22m	30%	1995	n/a	FALSE	n/a
410	sleepaway camp 	robert hiltzik	slasher/teen	1h 28m	82%	1983	n/a	TRUE	n/a
411	the wizard	todd holland	drama/sport/sci-fi	1h 40m	26%	1989	n/a	TRUE	n/a
412	halloween ii 	rick rosenthal	slasher/thriller	1h 32m	28%	1981	n/a	TRUE	n/a
413	halloween 4: the return of michael myers	dwight h. little	slasher/thriller	1h 32m	30%	1988	n/a	FALSE	n/a
414	halloween 5: the revenge of michael myers	dominique othenin-girard	slasher/thriller	1h 38m	13%	1989	n/a	FALSE	n/a
415	a nightmare on elm street 2: freddy's revenge	jack sholder	horror/slasher	1h 37m	41%	1985	n/a	TRUE	n/a
416	friday the 13th	sean s. cunningham	thriller/mystery/slasher	1h 35m	63%	1980	n/a	TRUE	n/a
417	the rape of richard beck 	karen arthur	drama/crime	1h 40m	60%	1985	n/a	FALSE	n/a
418	hard target 	john woo	thriller/action	2h 8m	53%	1993	n/a	FALSE	n/a
419	maniac cop 	william lustig	slasher/thriller	1h 26m	46%	1988	n/a	FALSE	n/a
420	driller killer 	abel ferrara	drama/slasher	1h 41m	69%	1979	n/a	FALSE	n/a
421	silent night evil night 	bob clark	mystery/slasher/holiday	1h 38m	71%	1974	black christmas	FALSE	n/a
422	new years evil 	emmett alston	thriller/slasher/holiday	1h 30m	14%	1980	n/a	FALSE	n/a
423	xtro 	harry bromley davenport	sci-fi/horror 	1h 30m	43%	1982	n/a	FALSE	n/a
424	xtro ii: the second encounter	harry bromley davenport	horror/sci-fi	1h 32m	0%	1990	n/a	FALSE	n/a
425	xtro 3: watch the skies	harry bromley davenport	horror/sci-fi	1h 37m	10%	1995	n/a	FALSE	n/a
426	night of the daemon 	jacques tourneur	fantasy/mystery	1h 35m	100%	1957	n/a	FALSE	n/a
427	bloody new year 	norman j. warren	mystery/slasher/horror	1h 33m	26%	1987	n/a	FALSE	n/a
428	friday the 13th part 2 	steve miner	slasher/thriller	1h 27m	29%	1981	n/a	TRUE	n/a
429	a nightmare on elm street 3: dream warriors	chuck russell	fantasy/mystery/horror	1h 36m	74%	1987	n/a	TRUE	n/a
430	blood freak 	steve hawkes, brad f. grinter	sci-fi/horror	1h 26m	47%	1971	n/a	FALSE	n/a
431	vampire in brooklyn 	wes craven	horror/comedy	1h 42m	10%	1995	n/a	TRUE	n/a
432	i come in peace 	craig r. baxley	crime/thriller	1h 31m	31%	1990	n/a	FALSE	n/a
433	evolution 	ivan reitman, nayeon cho	action/comedy/adventure/sci-fi	1h 42m	43%	2001	n/a	TRUE	n/a
434	up the academy 	robert downey sr.	teen/comedy	1h 27m	43%	1980	n/a	FALSE	n/a
435	zapped! 	robert j. rosenthal	fantasy/indie/teen	1h 38m	7%	1982	n/a	FALSE	n/a
436	lucky numbers 	nora ephron	comedy/crime	1h 45m	22%	2000	n/a	FALSE	n/a
437	evil in the woods 	william j. oates	comedy/fantasy/horror	1h 29m	36%	1986	n/a	FALSE	n/a
438	road to revenge 	james paradise, john de hart	drama/thriller	1h 30m	44%	1993	n/a	FALSE	n/a
439	the beach girls 	bud townsend	comedy/musical/teen	1h 38m	45%	1982	n/a	FALSE	n/a
440	project shadowchaser 3000 	john eyres	thriller/action/sci-fi	1h 39m	31%	1995	n/a	FALSE	n/a
441	k-9 	rod daniel	action/comedy	1h 42m	22%	1989	n/a	FALSE	n/a
442	pterodactyl 	mark l. lester	thriller/action	1h 29m	27%	2005	n/a	TRUE	n/a
443	christmas vacation 2: cousin eddie's island adventure 	nick marck	comedy/slapstick	1h 23m	12%	2003	n/a	FALSE	n/a
444	godzilla 	roland emmerich	sci-fi/thriller	2h 20m	16%	1998	n/a	TRUE	n/a
445	arcade 	albert pyun	fantasy/thriller	1h 25m	30%	1993	n/a	FALSE	n/a
446	brain scan 	john flynn	fantasy/thriller 	1h 36m	23%	1994	n/a	FALSE	n/a
447	darkman ii: the return of durant	bradford may	thriller/action	1h 33m	29%	1995	n/a	FALSE	n/a
448	darkman iii: die darkman die	bradford may	thriller/action 	1h 27m	33%	1996	n/a	FALSE	n/a
449	outlaw of gor	john cardos	adventure/sci-fi	1h 29m	21%	1988	gor ii	FALSE	n/a
450	things 	andrew jordan	horror	1h 23m	23%	1989	n/a	FALSE	n/a
451	ghetto blaster 	lan l. stewart	action/drama	1h 21	42%	1989	n/a	FALSE	n/a
452	destroyer 	robert kirk	slasher/horror	1h 34m	12%	1988	n/a	FALSE	n/a
453	one man force 	dale trevillion	action/crime/drama	1h 32m	50%	1989	n/a	FALSE	n/a
454	cyclone 	fred olen ray	drama/thriller	1h 29m	17%	1987	n/a	FALSE	n/a
455	future force 	david a. prior	action/sci-fi	1h 30m	14%	1989	n/a	TRUE	n/a
456	any which way but loose 	james fargo	action/adventure	1h 54m	37%	1978	n/a	FALSE	n/a
457	any which way you can 	buddy van horn	action/comedy	1h 56m	20%	1980	n/a	FALSE	n/a
458	the alien factor 	don dohler	comedy/sci-fi	1h 30m	29%	1978	n/a	FALSE	n/a
459	rockula 	luca bercovici	cult/comedy/musical	1h 30m	52%	1990	n/a	TRUE	n/a
460	escape from la 	john carpenter	fantasy/sci-fi	1h 41m	52%	1996	n/a	TRUE	n/a
461	shark attack 	bob misiorowski	action/horror	1h 40m	22%	1999	n/a	FALSE	n/a
462	shark attack 2 	david worth	thriller/action	1h 38m	28%	2000	n/a	FALSE	n/a
463	meet the applegates 	michael lehmann	comedy/dark comedy	1h 30m	10%	1990	n/a	FALSE	n/a
464	showgirls 	paul verhoeven	drama/erotic	2h 11m	22%	1995	n/a	TRUE	n/a
465	robot monster 	phil tucker	sci-fi	1h 6m	36%	1953	n/a	FALSE	n/a
466	glen or glenda 	ed wood	drama/docudrama	1h 14m	35%	1953	n/a	FALSE	n/a
467	maniac 	william lustig	drama/slasher	1h 28m	39%	1980	n/a	FALSE	n/a
468	maniac 	dwain esper	thriller	1h 49m	89%	1934	n/a	FALSE	n/a
469	terror of tiny town 	sam newfield	comedy/western	1h 2m	35%	1938	n/a	FALSE	n/a
470	satan's sadists 	al adamson	thriller/indie	1h 30m	52%	1969	n/a	FALSE	n/a
471	death bed: the bed that eats 	george barry	horror/supernatural	1h 20m	31%	1977	n/a	FALSE	n/a
472	mommie dearest	frank perry	drama/docudrama	2h 9m	50%	1981	n/a	FALSE	n/a
473	giant spider invasion 	bill rebane	fantasy/horror	1h 24m	15%	1975	n/a	FALSE	n/a
474	ready to rumble! 	brian robbins	sport/buddy	1h 47m	23%	2000	n/a	FALSE	n/a
475	zeram 	keita amemiya	action/adventure/sci-fi	1h 40m	75%	1991	n/a	FALSE	n/a
476	revenge of the nerds 	jeff kanew	comedy	1h 30m	70%	1984	n/a	TRUE	n/a
477	dr.giggles 	manny coto	slasher/horror	1h 36m	17%	1992	n/a	FALSE	n/a
478	equinox	dennis muren, jack woods	mystery/cult	1h 22m	33%	1970	n/a	FALSE	n/a
479	breakin 2: electric boogaloo 	sam firstenberg	drama/indie 	1h 34m	29%	1984	n/a	FALSE	n/a
480	7 faces of dr.lao 	george pal	adaptation/drama	1h 43m	83%	1964	n/a	FALSE	n/a
481	rana: the legend of shadow lake 	bill rebane	indie/horror	1h 36m	0%	1981	n/a	FALSE	n/a
482	halloween: resurrection	rick rosenthal	slasher/cult	1h 34m	11%	2002	n/a	FALSE	n/a
483	legend of the werewolf 	freddie francis	horror	1h 25m	27%	1975	plague of the werewolves	FALSE	n/a
484	vampire circus 	robert young	horror	1h 27m	80%	1972	n/a	FALSE	n/a
485	south beach academy 	joe esposito	comedy/sex comedy 	1h 31m	23%	1996	n/a	FALSE	n/a
486	student bodies	mickey rose, michael ritchie	slasher/horror	1h 26m	25%	1981	n/a	FALSE	n/a
487	back to the beach 	lyndall hobbs	comedy/musical	1h 32m	71%	1987	n/a	FALSE	n/a
488	monstroid: it came from the lake 	kenneth hartford	horror/sci-fi	1h 38m	5%	1980	n/a	FALSE	n/a
489	lunar cop 	boaz davidson	drama/action	1h 28m	12%	1995	n/a	FALSE	n/a
490	jungle wolf 	charlie ordoñez	action 	1h 25m	52%	1986	n/a	FALSE	n/a
491	return fire: jungle wolf ii	neil callaghan	action	1h 37m	54%	1988	n/a	FALSE	n/a
492	forgotten warrior	nick cacas, charlie ordoñez	action/sport 	1h 16m	54%	1988	commander rainbow	FALSE	n/a
493	dark star	john carpenter	thriller/cult	1h 23m	79%	1974	n/a	FALSE	n/a
494	vampire's kiss 	robert bierman	drama/horror 	1h 43m	61%	1988	n/a	TRUE	n/a
495	hollow man 	paul verhoeven	sci-fi/thriller 	1h 59m	28%	2000	n/a	FALSE	n/a
496	hollow man 2 	claudio fäh	thriller/action	1h 31m	20%	2006	n/a	FALSE	n/a
497	1990: bronx warriors 	enzo g. castellari	drama/sci-fi	1h 40m	35%	1982	n/a	FALSE	n/a
498	blastfighter: the executioner 	lamberto bava	action/crimedrama 	1h 27m	58%	1984	n/a	FALSE	n/a
499	endgame 	joe d'amato	action/adventure	1h 38m	62%	1983	n/a	FALSE	n/a
500	double down 	neil breen	thriller/action/adventure	1h 44m	55%	2007	n/a	FALSE	n/a
501	bloodlock 	william victor schotten	indie/horror	1h 30m	25%	2008	n/a	FALSE	n/a
502	the raiders of atlantis 	ruggero deodato	action/mystery 	1h 38m	40%	1983	atlantis interceptors	FALSE	n/a
503	robo vampire 	godfrey ho	sci-fi/thriller 	1h 30m	48%	1988	n/a	FALSE	n/a
504	blue island 	luigi russo, enzo doria	romance/adventure	1h 32m	40%	1982	n/a	FALSE	n/a
505	hands of steel 	sergio martino	sci-fi/action	1h 34m	29%	1986	n/a	FALSE	n/a
506	wired to kill 	frank schaeffer	action/sci-fi	1h 26m	17%	1986	n/a	FALSE	n/a
507	alien seed 	bob james	thriller/sci-fi	1h 28m	27%	1989	n/a	FALSE	n/a
508	the ultimate warrior 	robert clouse	thriller/action	1h 34m	20%	1975	n/a	FALSE	n/a
509	alien terminator	nello rossati	sci-fi	1h 34m	26%	1988	top line	FALSE	n/a
510	v-world matrix 	ron ford	fantasy/horror/sci-fi 	1h 18m	35%	1999	n/a	FALSE	n/a
511	escape from the bronx 	enzo g. castellari	drama/action	1h 29m	19%	1983	bronx warriors 2	FALSE	n/a
512	mystics in bali 	h. tjut djalil	fantasy/thriller	1h 58m	30%	1981	n/a	TRUE	n/a
513	virus 	john bruno	horror/sci-fi	1h 40m	10%	1999	n/a	FALSE	n/a
514	humanity's end 	neil johnson	sci-fi/thriller	1h 24m	3%	2009	n/a	FALSE	n/a
515	the swordsman	michael kennedy	action	1h 32m	12%	1992	n/a	FALSE	n/a
516	gladiator cop: the swordsman ii 	nick rotundo	action	1h 31m	17%	1995	n/a	FALSE	n/a
517	sister sensei 	david seeger	action/adventure/comedy	1h 30m	56%	1994	n/a	TRUE	n/a
518	time of the apes 	atsuo okunaka, kiyosumi fukazawa	fantasy/action	1h 37m	10%	1987	n/a	FALSE	n/a
519	satan's little helper 	jeff lieberman	slasher/horror	1h 40m	35%	2004	n/a	FALSE	n/a
520	8 heads in a duffel bag 	tom schulman	action/adventure	1h 35m	11%	1997	n/a	FALSE	n/a
521	shrunken heads 	richard elfman	thriller/horror	1h 26m	38%	1994	n/a	FALSE	n/a
522	microwave massacre 	wayne berwick	slasher/horror	1h 16m	33%	1983	n/a	FALSE	n/a
523	eliminators 	peter manoogian	action/adventure/sci-fi	1h 36m	35%	1986	n/a	FALSE	n/a
524	exterminators of the year 3000 	giuliano carnimeo	sci-fi/action	1h 43m	20%	1983	n/a	FALSE	n/a
525	the exterminator 	james glickenhaus	drama/mystery	1h 44m	36%	1980	n/a	FALSE	n/a
526	the exterminator 2 	mark buntzman	thriller/action	1h 29m	30%	1984	n/a	FALSE	n/a
527	bad moon 	eric red	horror	1h 20m	38%	1996	n/a	FALSE	n/a
528	iron warrior	alfonso brescia, ovidio g. assonitis	fantasy/drama	1h 22m	11%	1987	n/a	FALSE	n/a
529	ator, the fighting eagle	 joe d'amato	fantasy	1h 40m	15%	1982	n/a	FALSE	n/a
530	quest for the mighty sword	 joe d'amato	fantasy/thriller 	1h 34m	8%	1990	ator 3	FALSE	n/a
531	mcbain 	james glickenhaus	thriller/action	1h 42m	37%	1991	n/a	FALSE	n/a
532	real bullets 	lance lindsay	action/crime/drama	1h 26m	30%	1988	n/a	FALSE	n/a
533	driven to kill	john gazarian	action/thriller	1h 37m	42%	1991	n/a	FALSE	n/a
534	mazes & monsters 	steven hilliard stern	fantasy/thriller	2h 0m	19%	1982	n/a	FALSE	n/a
535	skullduggery	eugen illin	horror	1h 36m	0%	1983	warlock, blood puzzle	FALSE	n/a
536	class of 1999 ii: the substitute	spiro razatos	thriller/indie 	1h 27m	14%	1994	class of 2001: the substitute 	FALSE	n/a
537	thinner 	tom holland	adaptation/cult	1h 32m	15%	1996	n/a	FALSE	n/a
538	the borrower	john mcnaughton	horror/sci-fi	1h 30m	30%	1991	n/a	FALSE	n/a
539	predator 2 	stephen hopkins	sci-fi/thriller	1h 48m	26%	1990	n/a	TRUE	n/a
540	the tower	richard kletter	horror/sci-fi 	1h 31m	44%	1993	n/a	FALSE	n/a
541	black rain	ridley scott	drama/thriller 	2h 5m	52%	1989	n/a	FALSE	n/a
542	demolition man 	marco brambilla	fantasy/thriller	1h 55m	61%	1993	n/a	FALSE	n/a
543	prayer of the rollerboys 	rick king	drama/sci-fi	1h 35m	65%	1990	n/a	FALSE	n/a
544	mastermind 	roger christian	teen/action 	1h 46m	19%	1997	n/a	FALSE	n/a
545	alien 2: on earth 	ciro ippolito, biagio proietti	horror/sci-fi	1h 32m	12%	1980	n/a	FALSE	n/a
546	bayou ghost	gardner compton	adventure/family/horror	1h 33m	46%	1997	n/a	FALSE	n/a
547	the kindred 	jeffrey obrow, stephen carpenter	horror/sci-fi/thriller	1h 31m	40%	1987	n/a	FALSE	n/a
548	deadly weapon 	michael miner	sci-fi	1h 29m	40%	1989	n/a	FALSE	n/a
549	dutch 	peter faiman	drama	1h 47m	14%	1991	n/a	FALSE	n/a
550	harbour beat 	david elfick	drama	1h 39m	57%	1990	n/a	FALSE	n/a
551	crash and burn 	charles band	thriller/indie/sci-fi	1h 25m	23%	1990	robot jox 2 	FALSE	n/a
552	my boyfriends back 	bob balaban	teen/romance	1h 25m	14%	1993	n/a	FALSE	n/a
553	bad taste 	peter jackson	splatter/horror	1h 32m	68%	1987	n/a	FALSE	n/a
554	braindead 	peter jackson	splatter/horror	1h 44m	87%	1992	dead alive	FALSE	n/a
555	mutilations	larry thomas	sci-fi/horror	1h 10m	53%	1986	n/a	FALSE	n/a
556	the gates of hell 	lucio fulci	splatter/horror	1h 33m	50%	1980	n/a	FALSE	n/a
557	children shouldn't play with dead things 	bob clark	thriller/cult	1h 27m	42%	1972	n/a	FALSE	n/a
558	orca 	michael anderson	disaster/thriller	1h 32m	7%	1977	n/a	FALSE	n/a
559	tourist trap 	david schmoeller	slasher/thriller	1h 30m	47%	1979	n/a	FALSE	n/a
560	schizoid 	david paulsen	thriller/action	1h 29m	18%	1980	murder by mail	FALSE	n/a
561	the crawlers	joe d'amato, fabrizio laurenti	horror	1h 34m	27%	1991	troll 3, contamination .7, creepers	FALSE	n/a
562	bloody birthday 	edward hunt	slasher/horror	1h 25m	35%	1981	n/a	FALSE	n/a
563	nightmare	romano scavolini	slasher/mystery	1h 37m	44%	1981	blood splash	FALSE	n/a
564	the dorm that dripped blood 	jeffrey obrow, stephen carpenter	slasher/mystery	1h 28m	25%	1982	n/a	FALSE	n/a
565	the slumber party massacre 	amy holden jones	slasher/indie	1h 22m	40%	1982	n/a	FALSE	n/a
566	razorback 	russell mulcahy	thriller/horror	1h 47m	67%	1984	n/a	FALSE	n/a
567	nail gun massacre 	terry lofton, bill leslie	slasher/horror 	1h 30m	24%	1985	n/a	FALSE	n/a
568	deadly friend 	wes craven	adaptation/slasher	1h 32m	11%	1986	n/a	FALSE	n/a
569	scarecrows	william wesley	cult/crime/slasher	1h 23m	44%	1988	n/a	FALSE	n/a
570	society 	brian yuzna	indie/mystery 	1h 39m	55%	1989	n/a	FALSE	n/a
571	cemetery man 	michele soavi	fantasy/horror	1h 45m	63%	1994	n/a	FALSE	n/a
572	bad channel 	ted nicolaou	thriller/horror	1h 28m	27%	1992	n/a	FALSE	n/a
573	sorority house massacre 	carol frank	slasher/teen	1h 16m	21%	1986	n/a	FALSE	n/a
574	sorority house massacre ii	jim wynorski	slasher/thriller	1h 20m	34%	1990	n/a	FALSE	n/a
575	sorority house vampires 	geoffrey de valois	comedy/horror 	1h 31m	17%	1998	n/a	FALSE	n/a
576	robot holocaust 	tim kincaid	horror/sci-fi	1h 19m	15%	1986	n/a	FALSE	n/a
577	the wind 	nico mastorakis	horror/thriller	1h 32m	16%	1987	edge of terror	FALSE	n/a
578	aenigma 	lucio fulci	thriller/romance	1h 30m	19%	1987	n/a	FALSE	n/a
579	chillers	daniel boyd	cult/horror 	1h 31m	20%	1987	n/a	FALSE	n/a
580	mutilation man	andrew copp	horror	1h 20m	20%	1998	n/a	FALSE	n/a
581	cobra 	george p. cosmatos	thriller/crime 	1h 27m	14%	1986	n/a	FALSE	n/a
582	trick or treat	charles martin smith	horror	1h 38m	75%	1986	n/a	FALSE	n/a
583	slime city 	greg lamberson	horror/comedy	1h 30m	40%	1988	n/a	FALSE	n/a
584	the green slime	kinji fukasaku	fantasy/adventure	1h 30m	20%	1968	n/a	FALSE	n/a
585	alligator 	lewis teague	cult/horror	1h 34m	83%	1980	n/a	FALSE	n/a
586	mimic	guillermo del toro	mystery/sci-fi	1h 52m	61%	1997	n/a	FALSE	n/a
587	message from space 	kinji fukasaku	action/adventure	1h 45m	28%	1978	n/a	FALSE	n/a
588	spacehunter: adventures in the forbidden zone 	lamont johnson	action/adventure 	1h 30m	18%	1983	n/a	FALSE	n/a
589	high school usa 	rod amateau	teen	1h 40m	40%	1983	n/a	FALSE	n/a
590	combat academy 	neal israel	comedy	1h 39m	40%	1986	n/a	FALSE	n/a
591	moving violations 	neal israel	comedy	1h 30m	50%	1985	n/a	FALSE	n/a
592	speed zone 	jim drake	sport/action	1h 34m	38%	1989	n/a	FALSE	n/a
593	high spirits 	neil jordan	horror/comedy	1h 39m	29%	1988	n/a	FALSE	n/a
594	poison ivy 	katt shea	drama/thriller	1h 33m	36%	1992	n/a	FALSE	n/a
595	kid	john mark robinson	thriller/action	1h 31m	43%	1990	n/a	FALSE	n/a
596	life with mikey 	james lapine	comedy/family	1h 46m	27%	1993	n/a	FALSE	n/a
597	making the grade 	dorian walker	sport	1h 45m	54%	1984	n/a	FALSE	n/a
598	my science project 	jonathan r. betuel	teen/adventure	1h 35m	14%	1985	n/a	FALSE	n/a
599	harper valley pta 	richard c. bennett	comedy/parody	1h 41m	49%	1978	n/a	FALSE	n/a
600	millennium	michael anderson	drama/mystery	1h 48m	11%	1989	n/a	FALSE	n/a
601	stone cold 	craig r. baxley	thriller/action	1h 35m	25%	1991	n/a	FALSE	n/a
602	damnation alley 	jack smight	sci-fi/disaster	1h 35m	44%	1977	n/a	FALSE	n/a
603	no escape 	martin campbell	adaptation/thriller	2h 10m	50%	1994	n/a	FALSE	n/a
604	she woke up pregnant 	james a. contner	drama 	1h 31m	59%	1996	n/a	FALSE	n/a
605	invisible mom 	fred olen ray	fantasy/drama	1h 32m	36%	1996	n/a	FALSE	n/a
606	invisible mom 2 	fred olen ray	adventure/comedy	1h 20m	33%	1999	n/a	FALSE	n/a
607	dirty work 	bob saget	buddy/comedy	1h 22m	17%	1998	n/a	FALSE	n/a
608	death race 2000 	paul bartel	fantasy/sport 	1h 24m	83%	1975	n/a	FALSE	n/a
609	rollerball 2002	john mctiernan	sci-fi/sport	1h 40m	3%	2002	n/a	FALSE	n/a
610	nightflyers	robert collector	horror/sci-fi	1h 29m	16%	1987	n/a	FALSE	n/a
611	bmx bandits 	brian trenchard-smith	drama/crime	1h 32m	67%	1983	n/a	FALSE	n/a
612	the milpitas monster 	robert l. burrill	thriller/horror	1h 20m	25%	1975	n/a	FALSE	n/a
613	the monster club 	roy ward baker	horror/musical	1h 44m	75%	1981	n/a	FALSE	n/a
614	the keep 	michael mann	thriller/horror	3h 30m	40%	1983	n/a	FALSE	n/a
615	yog, monster from space 	ishirō honda	thriller/kaiju	1h 24m	34%	1970	space amoeba	FALSE	n/a
616	humanoids from the deep 	barbara peeters, jimmy t. murakami	sci-fi/horror	1h 22m	56%	1980	monster	FALSE	n/a
617	prom night 	paul lynch	fantasy/slasher	1h 32m	45%	1980	n/a	FALSE	n/a
618	yellow hair and the fortress of gold 	matt cimber	action/adventure	1h 41m	0%	1984	n/a	FALSE	n/a
619	plunkett and macleane 	jake scott	drama/action	1h 42m	24%	1999	n/a	FALSE	n/a
620	zeiramu 2	keita amemiya	action/comedy/sci-fi	1h 47m	50%	1994	n/a	FALSE	n/a
621	crawlspace 	david schmoeller	slasher/thriller	1h 20m	9%	1986	n/a	FALSE	n/a
622	death spa 	michael fischa	horror	1h 28m	31%	1989	n/a	TRUE	n/a
623	arctic blue 	peter masterson	thriller/action	1h 35m	17%	1993	n/a	FALSE	n/a
624	the philadelphia experiment 	stewart raffill	fantasy/thriller	1h 42m	50%	1984	n/a	FALSE	n/a
625	the kill reflex	fred williamson	adaptation/drama	1h 34m	17%	1989	soda crackers	FALSE	n/a
626	original gangsters	fred williamson, larry cohen	drama/crime	1h 39m	53%	1996	n/a	FALSE	n/a
627	holy man 	stephen herek	drama/comedy	1h 54m	12%	1998	n/a	FALSE	n/a
628	gone fishin' 	christopher cain	adventure/comedy	1h 37m	4%	1997	n/a	FALSE	n/a
629	the puppet masters 	stuart orme	adaptation/drama	1h 50m	26%	1994	n/a	FALSE	n/a
630	deep rising 	stephen sommers	sci-fi/action 	1h 47m	29%	1998	n/a	FALSE	n/a
631	erik the viking 	terry jones	fantasy/adventure	1h 47m	47%	1989	n/a	FALSE	n/a
632	ghost writer	kenneth j. hall	comedy/fantasy	1h 34m	40%	1989	n/a	FALSE	n/a
633	brides of blood 	eddie romero, gerardo de leon	horror/sci-fi	1h 37m	47%	1968	n/a	FALSE	n/a
634	death wish 2	michael winner	drama/crime	1h 29m	33%	1982	n/a	FALSE	n/a
635	death wish 3 	michael winner	thriller/action	1h 38m	6%	1985	n/a	FALSE	n/a
636	death wish 4 	j. lee thompson	crime/thriller	1h 39m	14%	1987	n/a	FALSE	n/a
637	the jar 	bruce toscano	horror	1h 25m	0%	1984	n/a	FALSE	n/a
638	russian terminator 	mats helge	action	1h 27m	27%	1990	n/a	FALSE	n/a
639	the killer eye 	david decoteau	horror/sci-fi	1h 40m	29%	1999	n/a	FALSE	n/a
640	seedpeople 	peter manoogian	horror/sci-fi	1h 27m	13%	1992	n/a	FALSE	n/a
641	those dear departed 	ted robinson	comedy	1h 28m	40%	1987	ghosts can do it!	FALSE	n/a
642	the last dragon	michael schultz	drama	1h 49m	59%	1985	n/a	FALSE	n/a
643	campfire tales	martin kunert, david semel	teen/horror	1h 33m	50%	1997	n/a	FALSE	n/a
644	the rage: carrie 2 	katt shea	drama/sci-fi	1h 45m	20%	1999	n/a	FALSE	n/a
645	terror in beverly hills 	john myhers	indie/action	1h 28m	50%	1975	n/a	FALSE	n/a
646	ghost ship 	steve beck	slasher/horror	1h 31m	15%	2002	n/a	FALSE	n/a
647	collision course	lewis teague	action/adventure	1h 40m	33%	1989	n/a	FALSE	n/a
648	the relic 	peter hyams	mystery/sci-fi	1h 50m	34%	1997	n/a	FALSE	n/a
649	date with an angel 	 tom mcloughlin	fantasy/indie	1h 45m	14%	1987	n/a	FALSE	n/a
650	alien apocalypse 	josh becker	horror/sci-fi	1h 28m	31%	2005	n/a	FALSE	n/a
651	the beast within	philippe mora	horror	1h 38m	11%	1982	n/a	FALSE	n/a
652	the outing 	thomas daley	horror	1h 45m	20%	1987	n/a	FALSE	n/a
653	superstition	james w. roberson	horror	1h 25m	40%	1982	n/a	FALSE	n/a
654	galaxy of terror 	bruce d. clark	fantasy/action/sci-fi	1h 21m	33%	1981	n/a	FALSE	n/a
655	space truckers 	stuart gordon	thriller/comedy	1h 35m	8%	1996	n/a	FALSE	n/a
656	martians go home! 	david odell	comedy/sci-fi	1h 29m	17%	1990	n/a	FALSE	n/a
657	timerider: the adventure of lyle swann 	william dear	indie/action 	1h 34m	24%	1982	n/a	FALSE	n/a
658	electric dreams	steve barron	comedy/drama	1h 36m	44%	1984	n/a	FALSE	n/a
659	don't open till christmas	edmund purdom	mystery/slasher	1h 26m	14%	1984	n/a	FALSE	n/a
660	saturn 3 	stanley donen, john barry	thriller/adventure/sci-fi	1h 36m	18%	1980	n/a	FALSE	n/a
661	runaway	michael crichton	thriller/action/sci-fi	1h 40m	44%	1984	n/a	FALSE	n/a
662	making mr.right 	susan seidelman	romance/comedy	1h 40m	46%	1987	n/a	FALSE	n/a
663	the nest 	terence h. winkless	indie/horror	1h 29m	27%	1988	n/a	FALSE	n/a
664	the unholy 	camilo vila	horror/supernatural	1h 42m	33%	1988	n/a	FALSE	n/a
665	the video dead 	robert scott	indie/horror	1h 30m	32%	1987	n/a	FALSE	n/a
666	teen wolf 	rod daniel	fantasy/comedy	1h 32m	44%	1985	n/a	FALSE	n/a
667	the willies 	brian peck	fantasy/thriller	1h 31m	27%	1990	n/a	FALSE	n/a
668	sleepaway camp ii 	michael a. simpson	slasher/indie	1h 20m	40%	1988	n/a	FALSE	n/a
669	sleepaway camp iii 	michael a. simpson	slasher/indie	1h 20m	13%	1989	n/a	FALSE	n/a
670	fiend without a face 	arthur crabtree	horror/sci-fi	1h 17m	67%	1958	n/a	FALSE	n/a
671	the psychotronic man	jack m. sell	horror	1h 30m	25%	1979	n/a	FALSE	n/a
672	highway to hell	ate de jong	fantasy/thriller	1h 34m	53%	1991	n/a	FALSE	n/a
673	feardotcom 	william malone	thriller/mystery	1h 41m	3%	2002	n/a	FALSE	n/a
674	tough guys don't dance 	norman mailer	adaptation/drama	1h 50m	40%	1987	n/a	FALSE	n/a
675	heartbeeps 	allan arkush	romance/comedy	1h 19m	22%	1981	n/a	FALSE	n/a
676	night of the creeps 	fred dekker	thriller/horror	1h 30m	76%	1986	n/a	FALSE	n/a
677	wishmaster 	robert kurtzman	fantasy/indie 	1h 30m	23%	1997	n/a	FALSE	n/a
678	abomination 	bret mccormick	horror	1h 40m	43%	1986	n/a	FALSE	n/a
679	soultangler 	pat bishow	horror	1h 30m	40%	1987	n/a	FALSE	n/a
680	virtual combat 	andrew stevens	action/adventure	1h 37m	26%	1995	n/a	FALSE	n/a
681	star portal 	jon purdy	sci-fi	1h 18m	41%	1997	n/a	FALSE	n/a
682	mutant 	john cardos	horror/sci-fi	1h 39m	33%	1984	night shadows	FALSE	n/a
683	dark breed	richard pepin	sci-fi	1h 40m	7%	1996	n/a	FALSE	n/a
684	moontrap 	robert dyke	sci-fi/indie	1h 32m	27%	1989	n/a	FALSE	n/a
685	mindwarp 	steve barnett	thriller/action	1h 35m	27%	1992	n/a	FALSE	n/a
686	nightbreed 	clive barker	fantasy/slasher	2h 25m	40%	1990	n/a	FALSE	n/a
687	the barbarians 	ruggero deodato	fantasy/action/adventure	1h 27m	47%	1987	n/a	TRUE	n/a
688	massacre in dinosaur valley 	michele massimo tarantini	action/adventure	1h 30m	30%	1985	n/a	FALSE	n/a
689	quest of the delta knights 	james dodson	fantasy/action	1h 37m	24%	1993	n/a	FALSE	n/a
690	conquest	lucio fulci	fantasy/action	1h 33m	29%	1983	n/a	FALSE	n/a
691	a cat in the brain 	lucio fulci	slasher/horror	1h 33m	49%	1990	nightmare concert	FALSE	n/a
692	the throne of fire 	franco prosperi	fantasy/adventure	1h 29m	50%	1983	n/a	FALSE	n/a
693	the sword of the barbarians	michele massimo tarantini	fantasy/adventure	1h 25m	40%	1982	barbarian master 	FALSE	n/a
694	she-wolves of the wasteland 	robert hayes	fantasy/adventure	1h 29m	37%	1988	n/a	FALSE	n/a
695	the last resort 	zane buzby	comedy/slapstick	1h 24m	18%	1986	n/a	FALSE	n/a
696	national lampoons last resort	rafal zielinski	comedy/screwball 	1h 31m	29%	1994	n/a	FALSE	n/a
697	demolition high 	jim wynorski	thriller/teen	1h 24m	38%	1996	n/a	FALSE	n/a
698	demolition university 	kevin s. tenney	thriller/indie	1h 30m	23%	1997	n/a	FALSE	n/a
699	malibu beach	robert j. rosenthal	comedy	1h 36m	12%	1978	n/a	FALSE	n/a
700	bottoms up	karl rawicz	comedy	1h 30m	0%	1987	n/a	FALSE	n/a
701	thor the conqueror 	tonino ricci	fantasy/adventure	1h 31m	29%	1983	n/a	FALSE	n/a
702	hospital massacre 	boaz davidson	slasher/horror	1h 29m	19%	1981	be my valentine, or else..., ward 13	FALSE	n/a
703	the beastmaster 	don coscarelli	fantasy/adventure	1h 58m	46%	1982	n/a	TRUE	n/a
704	the beastmaster ii: portal through time 	sylvio tabet	fantasy/action	1h 47m	17%	1991	n/a	FALSE	n/a
705	the beastmaster iii: the eye of braxus 	gabrielle beaumont	fantasy/action	1h 32m	24%	1996	n/a	FALSE	n/a
706	the killings at outpost zeta 	robert emenegger	sci-fi/thriller	1h 32m	25%	1980	n/a	FALSE	n/a
707	space marines	john weidner	action/sci-fi	1h 35m	29%	1996	n/a	FALSE	n/a
708	ironmaster	umberto lenzi	action/adventure	1h 38m	27%	1983	n/a	FALSE	n/a
709	teen wolf too	christopher leitch	fantasy/comedy	1h 35m	7%	1987	n/a	FALSE	n/a
710	dead man on campus 	alan cohn	stoner/comedy	1h 36m	15%	1998	n/a	FALSE	n/a
711	amazons	alex sessa	fantasy/adventure 	1h 16m	0%	1986	n/a	FALSE	n/a
712	dragon fury	david heavener	action 	1h 19m	31%	1995	n/a	FALSE	n/a
713	gunan, king of the barbarians	franco prosperi	fantasy/adventure	1h 20m	35%	1982	the invincible barbarian	FALSE	n/a
714	the new barbarians 	enzo g. castellari	thriller/action	1h 32m	30%	1983	n/a	FALSE	n/a
715	the barbarian queen ii: the empress strikes back 	joe finley	fantasy/action 	1h 20m	8%	1990	n/a	FALSE	n/a
716	deadly prey 	david a. prior	drama/action	1h 28m	57%	1987	n/a	FALSE	n/a
717	link 	richard franklin	horror	1h 43m	25%	1986	n/a	FALSE	n/a
718	wizards of the lost kingdom 	héctor olivera	fantasy/action/adventure 	1h 12m 	27%	1985	n/a	FALSE	n/a
719	wizards of the lost kingdom ii 	charles b. griffith	fantasy/action	1h 20m	6%	1989	n/a	FALSE	n/a
720	evil dead 	sam raimi	supernatural/horror/fantasy	1h 57m	95%	1981	n/a	TRUE	n/a
721	evil dead ii	sam raimi	horror/splatter	1h 24m	98%	1987	n/a	TRUE	n/a
722	video violence... when renting is not enough	gary p. cohen	indie/horror	1h 30m	24%	1987	n/a	FALSE	n/a
723	creature	stuart gillard	horror/sci-fi 	1h 37m	12%	1998	n/a	FALSE	n/a
724	the invader	mark rosman	horror/drama	1h 37m	0%	1997	n/a	FALSE	n/a
725	lifeform	mark h. baker	thriller/sci-fi	1h 30m	19%	1996	n/a	FALSE	n/a
726	the archer: fugitive from the empire	nicholas j. corea	fantasy/action/adventure 	1h 28m	27%	1981	n/a	FALSE	n/a
727	stepmonster	jeremy stanford	horror/comedy  	1h 26m	44%	1993	n/a	FALSE	n/a
728	transylvania twist	jim wynorski	fantasy/horror 	1h 30m	48%	1989	n/a	FALSE	n/a
729	the invisible dad	fred olen ray	comedy/sci-fi	1h 30m	13%	1997	n/a	FALSE	n/a
730	memoirs of an invisible man	john carpenter	drama/fantasy	1h 39m	23%	1992	n/a	FALSE	n/a
731	the burning	tony maylam	slasher/teen	1h 31m	86%	1981	n/a	FALSE	n/a
732	robocop	paul verhoeven	crime/sci-fi	1h 43m	89%	1987	n/a	TRUE	n/a
733	robocop 2	irvin kershner	thriller/action	2h 0m	31%	1990	n/a	FALSE	n/a
734	robocop 3	fred dekker	thriller/action	1h 45m	3%	1993	n/a	FALSE	n/a
735	the guyver	steve wang, screaming mad george	sci-fi/action	1h 45m	36%	1991	n/a	FALSE	n/a
736	return of the aliens: the deadly spawn	douglas mckeown	horror/sci-fi	1h 20m	51%	1983	n/a	FALSE	n/a
737	southland tales	richard kelly	drama/fantasy	2h 40m	38%	2006	n/a	FALSE	n/a
738	stay alive	william brent bell	slasher/thriller	1h 25m	9%	2006	n/a	FALSE	n/a
739	the alien factor 2: alien rampage 	don dohler	horror/sci-fi	1h 20m	14%	2001	alien rampage 	FALSE	n/a
740	class of 1984	mark l. lester	thriller/indie	1h 38m	72%	1982	n/a	FALSE	n/a
741	nine lives	barry sonnenfeld	drama/fantasy	1h 27m	14%	2016	n/a	FALSE	n/a
742	the return of swamp thing	jim wynorski	sci-fi/action/comedy	1h 29m	44%	1989	n/a	FALSE	n/a
743	galaxy invader	don dohler	crime/sci-fi	1h 19m	14%	1985	n/a	FALSE	n/a
744	alien abduction: incident in lake county	dean alioto	sci-fi/documentary	1h 33m	47%	1998	n/a	FALSE	n/a
745	ufo abduction	dean alioto	thriller/sci-fi 	1 h 0m	60%	1989	n/a	FALSE	n/a
746	alien 3000	jeff leroy	sci-fi/horror	1h 36m	16%	2004	n/a	FALSE	n/a
747	project metalbeast	alessandro de gaetano	indie/horror	1h 32m	39%	1995	n/a	FALSE	n/a
748	rollergator	donald g. jackson	family	1h 23m	12%	1996	n/a	FALSE	n/a
749	baby ghost	donald g. jackson	comedy/family/horror	1h 26m	28%	1995	n/a	FALSE	n/a
750	fun in balloon land	joseph m. sonneborn jr.	family/fantasy 	0h 53m	12%	1965	n/a	FALSE	n/a
751	the crippled masters	joe law	drama/action/kung-fu	1h 30m	65%	1979	n/a	FALSE	n/a
752	buffy the vampire slayer	fran rubel kuzui	fantasy/action	1h 26m	35%	1992	n/a	FALSE	n/a
753	gleaming the cube	graeme clifford	drama/indie	1h 45m	29%	1989	n/a	FALSE	n/a
754	runaway	michael crichton	thriller/action	1h 40m	50%	1984	n/a	FALSE	n/a
755	pheonix the warrior	robert hayes	sci-fi/horror	1h 29m	34%	1988	she-wolves of the wasteland	FALSE	n/a
756	cyborg	albert pyun	action/sci-fi	1h 26m	20%	1988	slinger	TRUE	n/a
757	excalibur	john boorman	drama/fantasy 	2h 20m	80%	1981	n/a	FALSE	n/a
758	miracle beach	skott snider	comedy/romance	1h 28m	64%	1992	n/a	TRUE	n/a
759	knights	albert pyun	sci-fi/action/adventure	1h 30m	32%	1993	n/a	FALSE	n/a
